method,content_similarity,target_culture_signal,adaptation_depth,lexical_shift,stereotype_risk,composite_score
lexical_swap_baseline,0.5262716666666667,1.0,0.6514191666666667,0.39756,0.0,0.7042225
contextual_adapt,0.18997416666666667,1.0,0.6326633333333334,0.7428933333333333,0.0,0.6173116666666666
identity_baseline,1.0,0.0,0.0,0.0,0.0,0.45
